"Location","Allele","Consequence","SYMBOL","Gene","Feature_type","EXON","INTRON","cDNA_position","CDS_position","Protein_position","Amino_acids","HGNC_ID","SIFT","PolyPhen","PUBMED"
"1:17632394-17632394","G","missense_variant","ARHGEF10L","ENSG00000074964","Transcript","8/20","-","1030","992","331","Q/R","HGNC:25540","deleterious(0.03)","possibly_damaging(0.584)","-"
"11:47350047-47350047","T","missense_variant","MYBPC3","ENSG00000134571","Transcript","4/33","-","527","472","158","V/M","HGNC:7551","deleterious(0)","possibly_damaging(0.463)","25741868,24033266,18414213,23861362,23233322,22429680,12818575,21502316,21302287,14563344,26441228"
"11:130914606-130914606","A","missense_variant","SNX19","ENSG00000120451","Transcript","1/11","-","1904","1334","445","P/L","HGNC:21532","deleterious(0)","probably_damaging(0.963)","-"
"11:130914606-130914606","A","missense_variant","SNX19","ENSG00000120451","Transcript","1/8","-","1844","1334","445","P/L","HGNC:21532","deleterious(0)","probably_damaging(0.984)","-"
"11:130915177-130915177","G","missense_variant","SNX19","ENSG00000120451","Transcript","1/11","-","1333","763","255","S/P","HGNC:21532","deleterious(0)","possibly_damaging(0.893)","-"
"11:130915177-130915177","G","missense_variant","SNX19","ENSG00000120451","Transcript","1/8","-","1273","763","255","S/P","HGNC:21532","deleterious(0)","possibly_damaging(0.893)","-"
"14:23423668-23423668","A","missense_variant","MYH7","ENSG00000092054","Transcript","24/40","-","3083","2978","993","T/I","HGNC:7577","deleterious(0.02)","possibly_damaging(0.653)","-"
"14:32093575-32093575","T","missense_variant","ARHGAP5","ENSG00000100852","Transcript","2/7","-","3206","2906","969","P/L","HGNC:675","deleterious(0)","possibly_damaging(0.703)","-"
"14:32093575-32093575","T","missense_variant","ARHGAP5","ENSG00000100852","Transcript","2/11","-","3222","2906","969","P/L","HGNC:675","deleterious(0)","possibly_damaging(0.76)","-"
"14:32093575-32093575","T","missense_variant","ARHGAP5","ENSG00000100852","Transcript","2/7","-","3143","2906","969","P/L","HGNC:675","deleterious(0)","possibly_damaging(0.703)","-"
"14:32093575-32093575","T","missense_variant","ARHGAP5","ENSG00000100852","Transcript","2/7","-","3161","2906","969","P/L","HGNC:675","deleterious(0)","possibly_damaging(0.764)","-"
"15:48503891-48503891","A","missense_variant","FBN1","ENSG00000166147","Transcript","17/66","-","2325","2009","670","C/F","HGNC:3603","deleterious(0)","possibly_damaging(0.745)","-"
"15:63059570-63059570","G","missense_variant","TPM1","ENSG00000140416","Transcript","4/9","-","454","382","128","K/E","HGNC:12010","deleterious(0)","possibly_damaging(0.896)","-"
"15:63059570-63059570","G","missense_variant","TPM1","ENSG00000140416","Transcript","4/10","-","580","382","128","K/E","HGNC:12010","deleterious(0)","possibly_damaging(0.656)","-"
"15:63059570-63059570","G","missense_variant","TPM1","ENSG00000140416","Transcript","3/8","-","361","274","92","K/E","HGNC:12010","deleterious(0)","probably_damaging(0.993)","-"
"15:63059570-63059570","G","missense_variant","TPM1","ENSG00000140416","Transcript","3/8","-","411","274","92","K/E","HGNC:12010","deleterious(0)","possibly_damaging(0.8)","-"
"15:63059570-63059570","G","missense_variant","TPM1","ENSG00000140416","Transcript","5/10","-","591","508","170","K/E","HGNC:12010","deleterious(0)","probably_damaging(0.999)","-"
"15:63059570-63059570","G","missense_variant","TPM1","ENSG00000140416","Transcript","4/9","-","527","382","128","K/E","HGNC:12010","deleterious(0)","possibly_damaging(0.521)","-"
"15:63059570-63059570","G","missense_variant","TPM1","ENSG00000140416","Transcript","4/10","-","465","382","128","K/E","HGNC:12010","deleterious(0)","probably_damaging(0.971)","-"
"15:63059570-63059570","G","missense_variant","TPM1","ENSG00000140416","Transcript","3/8","-","379","274","92","K/E","HGNC:12010","deleterious(0)","probably_damaging(0.982)","-"
"15:63059570-63059570","G","missense_variant","TPM1","ENSG00000140416","Transcript","3/8","-","363","274","92","K/E","HGNC:12010","deleterious(0.01)","probably_damaging(0.977)","-"
"15:63059570-63059570","G","missense_variant","TPM1","ENSG00000140416","Transcript","3/9","-","274","274","92","K/E","HGNC:12010","deleterious(0.01)","probably_damaging(0.977)","-"
"15:63059570-63059570","G","missense_variant","TPM1","ENSG00000140416","Transcript","4/9","-","442","382","128","K/E","HGNC:12010","deleterious(0)","probably_damaging(0.995)","-"
"15:63059570-63059570","G","missense_variant","TPM1","ENSG00000140416","Transcript","4/9","-","454","382","128","K/E","HGNC:12010","deleterious(0)","probably_damaging(0.98)","-"
"15:63059570-63059570","G","missense_variant,NMD_transcript_variant","TPM1","ENSG00000140416","Transcript","3/8","-","154","154","52","K/E","HGNC:12010","deleterious(0)","probably_damaging(0.982)","-"
"15:63059570-63059570","G","missense_variant","TPM1","ENSG00000140416","Transcript","4/10","-","382","382","128","K/E","HGNC:12010","deleterious(0)","probably_damaging(0.992)","-"
"15:63059570-63059570","G","missense_variant","TPM1","ENSG00000140416","Transcript","4/10","-","435","382","128","K/E","HGNC:12010","deleterious(0)","probably_damaging(0.986)","-"
"15:63059570-63059570","G","missense_variant,NMD_transcript_variant","TPM1","ENSG00000140416","Transcript","2/7","-","121","121","41","K/E","HGNC:12010","deleterious_low_confidence(0.03)","probably_damaging(0.953)","-"
"15:63059570-63059570","G","missense_variant","TPM1","ENSG00000140416","Transcript","4/9","-","929","4","2","K/E","HGNC:12010","deleterious(0)","possibly_damaging(0.8)","-"
"15:63059570-63059570","G","missense_variant,NMD_transcript_variant","TPM1","ENSG00000140416","Transcript","3/9","-","357","274","92","K/E","HGNC:12010","deleterious(0.01)","probably_damaging(0.994)","-"
"15:63059570-63059570","G","missense_variant","TPM1","ENSG00000140416","Transcript","3/8","-","238","4","2","K/E","HGNC:12010","deleterious(0)","possibly_damaging(0.8)","-"
"19:55154095-55154095","A","missense_variant","TNNI3","ENSG00000129991","Transcript","7/8","-","627","484","162","R/W","HGNC:11947","deleterious(0)","probably_damaging(0.915)","24033266,18414213,9241277,10806205,11735257,15070570"
"19:55154095-55154095","A","missense_variant","TNNI3","ENSG00000129991","Transcript","4/5","-","457","409","137","R/W","HGNC:11947","deleterious(0)","probably_damaging(0.953)","24033266,18414213,9241277,10806205,11735257,15070570"
"19:55154095-55154095","A","missense_variant","TNNI3","ENSG00000129991","Transcript","7/8","-","660","517","173","R/W","HGNC:11947","deleterious(0)","possibly_damaging(0.717)","24033266,18414213,9241277,10806205,11735257,15070570"
"19:55154158-55154158","A","missense_variant","TNNI3","ENSG00000129991","Transcript","7/8","-","564","421","141","R/W","HGNC:11947","deleterious(0)","probably_damaging(0.989)","-"
"19:55154158-55154158","A","missense_variant","TNNI3","ENSG00000129991","Transcript","4/5","-","394","346","116","R/W","HGNC:11947","deleterious(0)","probably_damaging(0.997)","-"
"19:55154158-55154158","A","missense_variant","TNNI3","ENSG00000129991","Transcript","7/8","-","597","454","152","R/W","HGNC:11947","deleterious(0)","probably_damaging(0.998)","-"
"4:168711808-168711808","T","missense_variant","PALLD","ENSG00000129116","Transcript","1/3","-","228","229","77","R/C","HGNC:17068","deleterious(0)","possibly_damaging(0.466)","-"
"4:183446943-183446943","T","missense_variant","CDKN2AIP","ENSG00000168564","Transcript","3/3","-","1421","1259","420","S/I","HGNC:24325","deleterious(0.02)","possibly_damaging(0.645)","-"
